{"cameraMode":{"drawMode":0,"name":"Shaded","section":"Shading Mode"},"sceneLighting":true,"audioPlay":false,"sceneViewState":{"showFog":false,"showMaterialUpdate":false,"showSkybox":false,"showFlares":false,"showImageEffects":false,"showParticleSystems":false},"in2DMode":false,"pivot":{"x":46.4903564453125,"y":15.338759422302246,"z":35.44129180908203},"rotation":{"x":-0.02299589477479458,"y":0.690452516078949,"z":-0.021970383822917939,"w":-0.7226791381835938},"size":64.21906280517578,"orthographic":false}